,Unnamed: 0,pname,price,store,pcode,ru_pname,en_pname,conames
21,21, Lahana Kırmızı Kg. ,9.9,sok,28230000,Капуста красная кг.,Cabbage Red Kg., Lahana Kırmızı Kg.  | Капуста красная кг. | Cabbage Red Kg.
22,22, Biber Kıl Kg,34.9,sok,28054102,перец щетина кг,Pepper Bristle Kg, Biber Kıl Kg | перец щетина кг | Pepper Bristle Kg
23,23, Brokoli Kg,29.9,sok,28180000,Брокколи кг,Broccoli Kg, Brokoli Kg | Брокколи кг | Broccoli Kg
24,24, Barbunya Kg. ,39.9,sok,28114000,фасоль кг.,Kidney Beans Kg., Barbunya Kg.  | фасоль кг. | Kidney Beans Kg.
25,25, Ispanak Kg. ,24.9,sok,28140000,Шпинат кг.,Spinach Kg., Ispanak Kg.  | Шпинат кг. | Spinach Kg.
26,26, Karnabahar Kg,24.9,sok,28170000,цветная капуста кг,Cauliflower Kg, Karnabahar Kg | цветная капуста кг | Cauliflower Kg
27,27, Kereviz Kg,21.9,sok,28190000,Сельдерей кг,Celery Kg, Kereviz Kg | Сельдерей кг | Celery Kg
28,28, Köy Biberi Kg ,27.9,sok,28055002,Деревенский перец кг,Village Pepper Kg, Köy Biberi Kg  | Деревенский перец кг | Village Pepper Kg
29,29, Lahana Beyaz Kg. ,5.99,sok,28210000,Капуста белокочанная кг.,Cabbage White Kg., Lahana Beyaz Kg.  | Капуста белокочанная кг. | Cabbage White Kg.
30,30, Mantar 300 Gr Pkt ,19.9,sok,75743,Гриб 300 гр пкт,Mushroom 300 Gr Pkt, Mantar 300 Gr Pkt  | Гриб 300 гр пкт | Mushroom 300 Gr Pkt
31,31, Pazı Demet ,11.9,sok,28320004,Связка бицепсов,Biceps Bunch, Pazı Demet  | Связка бицепсов | Biceps Bunch
32,32, Akdeniz Lorolosso Ad. ,15.9,sok,28119906,Средиземноморская реклама Лоролоссо.,Mediterranean Lorolosso Ad., Akdeniz Lorolosso Ad.  | Средиземноморская реклама Лоролоссо. | Mediterranean Lorolosso Ad.
33,33, Reyhan Demet ,9.9,sok,28345004,Рейхан Банч,Reyhan Bunch, Reyhan Demet  | Рейхан Банч | Reyhan Bunch
34,34, Semizotu Demet,13.9,sok,28380000,Пучок портулака,Purslane Bunch, Semizotu Demet | Пучок портулака | Purslane Bunch
35,35, Turp Kırmızı Kg,12.9,sok,28470000,Редька красная кг,Radish Red Kg, Turp Kırmızı Kg | Редька красная кг | Radish Red Kg
36,36, Kavun Kırkağaç Kg,10.9,sok,27202000,Дыня многоножка кг,Melon Centipede Kg, Kavun Kırkağaç Kg | Дыня многоножка кг | Melon Centipede Kg
37,37, Erik Anjelik Kg. ,29.9,sok,27112003,Слива Ангельская кг.,Plum Angelic Kg., Erik Anjelik Kg.  | Слива Ангельская кг. | Plum Angelic Kg.
38,38, Şeftali Nektarin Kg. ,26.9,sok,27320000,Персиковый нектарин кг.,Peach Nectarine Kg., Şeftali Nektarin Kg.  | Персиковый нектарин кг. | Peach Nectarine Kg.
39,39, Ananas Adet ,39.9,sok,27501003,Ананас Кусочек,Pineapple Piece, Ananas Adet  | Ананас Кусочек | Pineapple Piece
40,40, Yerli Muz Kg ,14.5,sok,27270000,Местный банан кг,Local Banana Kg, Yerli Muz Kg  | Местный банан кг | Local Banana Kg
41,41, Kivi Kg,22.95,sok,27250000,Киви кг,Kiwi Kg, Kivi Kg | Киви кг | Kiwi Kg
42,42, Elma Starking Kg.,10.9,sok,27135000,Яблоко Старкинг кг.,Apple Starking Kg., Elma Starking Kg. | Яблоко Старкинг кг. | Apple Starking Kg.
43,43, Elma Granny Kg ,14.95,sok,27133000,яблоко бабушка кг,Apple Granny Kg, Elma Granny Kg  | яблоко бабушка кг | Apple Granny Kg
44,44, Elma Golden Kg ,15.9,sok,27134000,Яблоко Голден Кг,Apple Golden Kg, Elma Golden Kg  | Яблоко Голден Кг | Apple Golden Kg
45,45, Armut Deveci Kg,19.9,sok,27025000,Груша Девечи кг,Pear Deveci Kg, Armut Deveci Kg | Груша Девечи кг | Pear Deveci Kg
46,46, Kivi Paket,8.95,sok,27134010,Пакет «Киви»,Kiwi Package, Kivi Paket | Пакет «Киви» | Kiwi Package
47,47, Hünnap Kg. ,34.9,sok,27171000,мармелад кг.,Jujube Kg., Hünnap Kg.  | мармелад кг. | Jujube Kg.
48,48, Avokado / Adet,13.9,sok,28010004,Авокадо / Кусок,Avocado / Piece, Avokado / Adet | Авокадо / Кусок | Avocado / Piece
49,49, Ayva  Kg,11.95,sok,27030000,Айва кг,Quince Kg, Ayva  Kg | Айва кг | Quince Kg
50,50, Çilek Dökme Kg,39.9,sok,27081011,Клубника оптом кг,Strawberry Bulk Kg, Çilek Dökme Kg | Клубника оптом кг | Strawberry Bulk Kg
51,51, Çilek Paket 500 Gr,29.9,sok,27081103,Клубничный пакет 500 гр,Strawberry Package 500 Gr, Çilek Paket 500 Gr | Клубничный пакет 500 гр | Strawberry Package 500 Gr
52,52, Nar Kg,14.75,sok,27290000,Гранат кг,Pomegranate Kg, Nar Kg | Гранат кг | Pomegranate Kg
53,53, Üzüm Beyaz Kg ,22.9,sok,27338011,Виноград белый кг,Grape White Kg, Üzüm Beyaz Kg  | Виноград белый кг | Grape White Kg
54,54, Üzüm Red Globe Kg. ,22.9,sok,27336011,Виноград Ред Глобус кг.,Grape Red Globe Kg., Üzüm Red Globe Kg.  | Виноград Ред Глобус кг. | Grape Red Globe Kg.
55,55, Üzüm Siyah Kg. ,22.9,sok,27337000,Виноград черный кг.,Grape Black Kg., Üzüm Siyah Kg.  | Виноград черный кг. | Grape Black Kg.
56,56, Mandalina Kg,15.9,sok,27287012,Мандарин кг,Tangerine Kg, Mandalina Kg | Мандарин кг | Tangerine Kg
57,57, Limon Kg,13.9,sok,27260055,Лимон кг,Lemon Kg, Limon Kg | Лимон кг | Lemon Kg
58,58, Portakal Kg. ,19.9,sok,27304000,Оранжевый кг.,Orange Kg., Portakal Kg.  | Оранжевый кг. | Orange Kg.
59,59, Portakal Sıkma File Kg ,24.9,sok,27300001,Апельсиновый отжим нетто кг,Orange Squeezing Net Kg, Portakal Sıkma File Kg  | Апельсиновый отжим нетто кг | Orange Squeezing Net Kg
60,60, Greyfurt Kg,19.9,sok,27161000,Грейпфрут кг,Grapefruit Kg, Greyfurt Kg | Грейпфрут кг | Grapefruit Kg
61,61, Maydanoz Dmt. ,5.95,sok,28260004,Петрушка Дмт.,Parsley Dmt., Maydanoz Dmt.  | Петрушка Дмт. | Parsley Dmt.
62,62, Salata Kıvırcık(adet) ,10.9,sok,28360003,Салат Кудрявый(шт),Salad Curly(pcs), Salata Kıvırcık(adet)  | Салат Кудрявый(шт) | Salad Curly(pcs)
63,63, Dereotu Dmt. ,6.45,sok,28060004,Укроп Дмт.,Dill Dmt., Dereotu Dmt.  | Укроп Дмт. | Dill Dmt.
64,64, Roka Demet ,6.45,sok,28340004,Пучок рукколы,Arugula Bunch, Roka Demet  | Пучок рукколы | Arugula Bunch
65,65, Salata Atom Adet ,19.9,sok,28370017,Салат Атом Количество,Salad Atom Quantity, Salata Atom Adet  | Салат Атом Количество | Salad Atom Quantity
66,66, Domates Kg ,19.9,sok,28080000,Помидор кг,Tomato Kg, Domates Kg  | Помидор кг | Tomato Kg
67,67, Salkım Domates Kg. ,24.9,sok,28087000,Кластер помидор кг.,Cluster Tomato Kg., Salkım Domates Kg.  | Кластер помидор кг. | Cluster Tomato Kg.
68,68, Kokteyl Domates Kg. ,29.9,sok,28091000,Коктейль Помидор кг.,Cocktail Tomato Kg., Kokteyl Domates Kg.  | Коктейль Помидор кг. | Cocktail Tomato Kg.
69,69, Nane Dmt. ,6.45,sok,28280004,Минт Дмт.,Mint Dmt., Nane Dmt.  | Минт Дмт. | Mint Dmt.
70,70, Salatalık Kg ,11.9,sok,28130000,Огурец кг,Cucumber Kg, Salatalık Kg  | Огурец кг | Cucumber Kg
71,71, Çengelköy Salatalık Kg ,19.9,sok,28131000,Ценгелькёй огурец кг,Cengelköy Cucumber Kg, Çengelköy Salatalık Kg  | Ценгелькёй огурец кг | Cengelköy Cucumber Kg
72,72, Marul Adet ,14.9,sok,28250004,Салат Количество,Lettuce Quantity, Marul Adet  | Салат Количество | Lettuce Quantity
73,73, Çengelköy Salatalık Paket,19.9,sok,28370099,Пакет огурцов Çengelköy,Çengelköy Cucumber Package, Çengelköy Salatalık Paket | Пакет огурцов Çengelköy | Çengelköy Cucumber Package
74,74, Limon Kg,13.9,sok,27260055,Лимон кг,Lemon Kg, Limon Kg | Лимон кг | Lemon Kg
75,75, Havuç Kg ,8.9,sok,28120001,Морковь кг,Carrot Kg, Havuç Kg  | Морковь кг | Carrot Kg
76,76, Domates Pembe Kg ,29.9,sok,28080025,Помидор Розовый Кг,Tomato Pink Kg, Domates Pembe Kg  | Помидор Розовый Кг | Tomato Pink Kg
77,77, Lahana Kırmızı Kg. ,9.9,sok,28230000,Капуста красная кг.,Cabbage Red Kg., Lahana Kırmızı Kg.  | Капуста красная кг. | Cabbage Red Kg.
78,78, Maydanoz Dmt. ,5.95,sok,28260004,Петрушка Дмт.,Parsley Dmt., Maydanoz Dmt.  | Петрушка Дмт. | Parsley Dmt.
79,79, Salata Kıvırcık(adet) ,10.9,sok,28360003,Салат Кудрявый(шт),Salad Curly(pcs), Salata Kıvırcık(adet)  | Салат Кудрявый(шт) | Salad Curly(pcs)
80,80, Dereotu Dmt. ,6.45,sok,28060004,Укроп Дмт.,Dill Dmt., Dereotu Dmt.  | Укроп Дмт. | Dill Dmt.
81,81, Roka Demet ,6.45,sok,28340004,Пучок рукколы,Arugula Bunch, Roka Demet  | Пучок рукколы | Arugula Bunch
82,82, Salata Atom Adet ,19.9,sok,28370017,Салат Атом Количество,Salad Atom Quantity, Salata Atom Adet  | Салат Атом Количество | Salad Atom Quantity
83,83, Nane Dmt. ,6.45,sok,28280004,Минт Дмт.,Mint Dmt., Nane Dmt.  | Минт Дмт. | Mint Dmt.
84,84, Soğan Taze Demet,7.9,sok,28390001,Лук свежий пучок,Onion Fresh Bunch, Soğan Taze Demet | Лук свежий пучок | Onion Fresh Bunch
85,85, Marul Adet ,14.9,sok,28250004,Салат Количество,Lettuce Quantity, Marul Adet  | Салат Количество | Lettuce Quantity
86,86,Quru Kurutulmuş Trabzon Hurması 19 Gr,15.9,sok,84771,Куру сушеная хурма 19 гр,Quru Dried Persimmon 19 Gr,Quru Kurutulmuş Trabzon Hurması 19 Gr | Куру сушеная хурма 19 гр | Quru Dried Persimmon 19 Gr
87,87,Quru Kurutulmuş Ananas 18 Gr,19.9,sok,84769,Куру сушеный ананас 18 гр,Quru Dried Pineapple 18 Gr,Quru Kurutulmuş Ananas 18 Gr | Куру сушеный ананас 18 гр | Quru Dried Pineapple 18 Gr
88,88,Amigo Dalından Meyve Mıx 250 Gr,24.95,sok,69665,Фруктовый микс из ветки черлидинга 250 гр,Fruit Mix from Cheerleading Branch 250 Gr,Amigo Dalından Meyve Mıx 250 Gr | Фруктовый микс из ветки черлидинга 250 гр | Fruit Mix from Cheerleading Branch 250 Gr
89,89,Quru Kurutulmuş Vişne 18 Gr,15.9,sok,85339,Вишня сушеная Quru 18 гр,Quru Dried Sour Cherry 18 Gr,Quru Kurutulmuş Vişne 18 Gr | Вишня сушеная Quru 18 гр | Quru Dried Sour Cherry 18 Gr
90,90, Kestane Kg,59.9,sok,27220000,Каштан кг,Chestnut Kg, Kestane Kg | Каштан кг | Chestnut Kg
91,91,İnci Garnitür 450 Gr ,16.5,sok,82410,Жемчужный гарнир 450 гр,Pearl Garnish 450 Gr,İnci Garnitür 450 Gr  | Жемчужный гарнир 450 гр | Pearl Garnish 450 Gr
92,92,İnci Bezelye 450 Gr,19.75,sok,67404,Жемчужный горошек 450 гр,Pearl Peas 450 Gr,İnci Bezelye 450 Gr | Жемчужный горошек 450 гр | Pearl Peas 450 Gr
93,93,Superfresh  Bezelye 450 Gr,28.0,sok,17011005,Горох суперсвежий 450 гр,Superfresh Peas 450 Gr,Superfresh  Bezelye 450 Gr | Горох суперсвежий 450 гр | Superfresh Peas 450 Gr
94,94,İnci Tane Mısır 450 Gr,22.5,sok,17011081,Жемчужная кукуруза 450 гр,Pearl Grain Corn 450 Gr,İnci Tane Mısır 450 Gr | Жемчужная кукуруза 450 гр | Pearl Grain Corn 450 Gr
95,95,İnci Patates 1000gr,32.5,sok,17011100,Жемчужный картофель 1000гр,Pearl Potato 1000gr,İnci Patates 1000gr | Жемчужный картофель 1000гр | Pearl Potato 1000gr
96,96,İnci Elma Dilim Patates 1 Kg,32.5,sok,82086,Картофель в ломтиках яблока Жемчуг 1 кг,Pearl Apple Slice Potato 1 Kg,İnci Elma Dilim Patates 1 Kg | Картофель в ломтиках яблока Жемчуг 1 кг | Pearl Apple Slice Potato 1 Kg
97,97,İnci Soğan Halkası 450 Gr,19.75,sok,84931,Жемчужное луковое кольцо 450 гр,Pearl Onion Ring 450 Gr,İnci Soğan Halkası 450 Gr | Жемчужное луковое кольцо 450 гр | Pearl Onion Ring 450 Gr
98,98,Superfresh Mısır 450 Gr,24.5,sok,17011080,Суперсвежая кукуруза 450 гр,Superfresh Corn 450 Gr,Superfresh Mısır 450 Gr | Суперсвежая кукуруза 450 гр | Superfresh Corn 450 Gr
99,99,Lezzetlim Dana Kuşbaşı 400 Gr,52.0,sok,80972,Тастым Говяжий Кубик 400 Гр,Tastym Beef Cubed 400 Gr,Lezzetlim Dana Kuşbaşı 400 Gr | Тастым Говяжий Кубик 400 Гр | Tastym Beef Cubed 400 Gr
100,100,Lezzetlim Dana Döner 300 Gr,38.5,sok,80527,Тастым Говяжий Донер 300 Гр,Tastym Beef Doner 300 Gr,Lezzetlim Dana Döner 300 Gr | Тастым Говяжий Донер 300 Гр | Tastym Beef Doner 300 Gr
101,101,Lezzetlim Anne Köftesi Tadında 400 Gr,51.5,sok,82016,Фрикадельки Tastym Mom со вкусом 400 гр,Tastym Mom Meatballs Tasted 400 Gr,Lezzetlim Anne Köftesi Tadında 400 Gr | Фрикадельки Tastym Mom со вкусом 400 гр | Tastym Mom Meatballs Tasted 400 Gr
102,102,Lezita Piliç Köfte 300 Gr,19.5,sok,88908,Куриные тефтели Lezita 300 гр,Lezita Chicken Meatballs 300 Gr,Lezita Piliç Köfte 300 Gr | Куриные тефтели Lezita 300 гр | Lezita Chicken Meatballs 300 Gr
103,103,Gedik Piliç Burger 300 Gr,17.5,sok,82406,Гедик Чикен Бургер 300 Гр,Gedik Chicken Burger 300 Gr,Gedik Piliç Burger 300 Gr | Гедик Чикен Бургер 300 Гр | Gedik Chicken Burger 300 Gr
104,104,Keskinoğlu Chicken Rings 260 Gr,20.5,sok,86837,Куриные Кольца Кескиноглу 260 Гр,Keskinoglu Chicken Rings 260 Gr,Keskinoğlu Chicken Rings 260 Gr | Куриные Кольца Кескиноглу 260 Гр | Keskinoglu Chicken Rings 260 Gr
105,105,Lezita Çıtır Kova 850 Gr,55.5,sok,89848,Хрустящая ведерко Lezita 850 гр,Lezita Crispy Bucket 850 Gr,Lezita Çıtır Kova 850 Gr | Хрустящая ведерко Lezita 850 гр | Lezita Crispy Bucket 850 Gr
106,106,Tadpi Piliç Ciğer Kg ,22.9,sok,79939,Куриная Печень Тадпи Кг,Tadpi Chicken Liver Kg,Tadpi Piliç Ciğer Kg  | Куриная Печень Тадпи Кг | Tadpi Chicken Liver Kg
107,107,Lezita Piliç Cordon Bleu 300 Gr,30.9,sok,32317,Лезита Цыпленок Кордон Блю 300 Гр,Lezita Chicken Cordon Bleu 300 Gr,Lezita Piliç Cordon Bleu 300 Gr | Лезита Цыпленок Кордон Блю 300 Гр | Lezita Chicken Cordon Bleu 300 Gr
108,108,Tadpi Piliç Izgara Kanat Kg,53.9,sok,79935,Тадпи куриные крылышки на гриле кг,Tadpi Chicken Grilled Wing Kg,Tadpi Piliç Izgara Kanat Kg | Тадпи куриные крылышки на гриле кг | Tadpi Chicken Grilled Wing Kg
109,109,Banvit Piliç Nuget 300 Gr,17.5,sok,77659,Банвит Куриный Нагет 300 Гр,Banvit Chicken Nuget 300 Gr,Banvit Piliç Nuget 300 Gr | Банвит Куриный Нагет 300 Гр | Banvit Chicken Nuget 300 Gr
110,110,Tadpi Piliç Pirzola Kg ,53.9,sok,79934,Куриные отбивные Тадпи кг,Tadpi Chicken Chops Kg,Tadpi Piliç Pirzola Kg  | Куриные отбивные Тадпи кг | Tadpi Chicken Chops Kg
111,111,Banvit Piliç Schnitzel  300gr,26.75,sok,78060,Куриный шницель Банвит 300гр,Banvit Chicken Schnitzel 300gr,Banvit Piliç Schnitzel  300gr | Куриный шницель Банвит 300гр | Banvit Chicken Schnitzel 300gr
112,112,Banvit Piliç Yaprak Döner 300 Gr,33.75,sok,78685,Банвит Куриный Лист Донер 300 Гр,Banvit Chicken Leaf Doner 300 Gr,Banvit Piliç Yaprak Döner 300 Gr | Банвит Куриный Лист Донер 300 Гр | Banvit Chicken Leaf Doner 300 Gr
113,113,Tadpi Poşet Bütün Piliç Kg,32.5,sok,79936,Tadpi Bag Цельная курица кг,Tadpi Bag Whole Chicken Kg,Tadpi Poşet Bütün Piliç Kg | Tadpi Bag Цельная курица кг | Tadpi Bag Whole Chicken Kg
114,114,Tadpi Piliç Kalçali But Kg,34.5,sok,81302,Куриное бедро Tadpi Kg,Tadpi Chicken Thigh Thigh Kg,Tadpi Piliç Kalçali But Kg | Куриное бедро Tadpi Kg | Tadpi Chicken Thigh Thigh Kg
115,115,Anadolu Çiftliği M Yumurta 30'lu ,62.5,sok,80468,Яйца Anadolu Farm M 30s,Anadolu Farm M Eggs 30s,Anadolu Çiftliği M Yumurta 30'lu  | Яйца Anadolu Farm M 30s | Anadolu Farm M Eggs 30s
116,116,Anadolu Çiftliği L Yumurta 15'li ,37.75,sok,80467,Яйца Anadolu Farm L 15шт.,Anadolu Farm L Eggs 15pcs,Anadolu Çiftliği L Yumurta 15'li  | Яйца Anadolu Farm L 15шт. | Anadolu Farm L Eggs 15pcs
117,117,Anadolu Çiftliği Gezen Tavuk Yumurta M 10'lu,36.9,sok,80490,Куриные яйца Anadolu Farm Wandering M 10,Anadolu Farm Wandering Chicken Eggs M 10,Anadolu Çiftliği Gezen Tavuk Yumurta M 10'lu | Куриные яйца Anadolu Farm Wandering M 10 | Anadolu Farm Wandering Chicken Eggs M 10
118,118,Anadolu Çiftliği Omega 3 M Yumurta 10'lu ,34.9,sok,80507,Яйца Anadolu Farm Omega 3 M 10 упаковок,Anadolu Farm Omega 3 M Eggs 10 Packs,Anadolu Çiftliği Omega 3 M Yumurta 10'lu  | Яйца Anadolu Farm Omega 3 M 10 упаковок | Anadolu Farm Omega 3 M Eggs 10 Packs
119,119,Koru Organik Yumurta M 6'lı (53-62 Gr),29.75,sok,89992,Органические яйца Koru M 6 (53-62 гр),Koru Organic Eggs M 6 (53-62 Gr),Koru Organik Yumurta M 6'lı (53-62 Gr) | Органические яйца Koru M 6 (53-62 гр) | Koru Organic Eggs M 6 (53-62 Gr)
120,120,Yuşa Bıldırcın Yumurtası 12 Adet,15.95,sok,80213,Перепелиные яйца Джошуа 12 штук,Joshua Quail Eggs 12 Pieces,Yuşa Bıldırcın Yumurtası 12 Adet | Перепелиные яйца Джошуа 12 штук | Joshua Quail Eggs 12 Pieces
121,121,İkbal Dana Parmak Sucuk Fermente 180 Gr,45.9,sok,40211,İkbal Говяжья Пальцевая Колбаса Ферментированная 180 Гр,İkbal Beef Finger Sausage Fermented 180 Gr,İkbal Dana Parmak Sucuk Fermente 180 Gr | İkbal Говяжья Пальцевая Колбаса Ферментированная 180 Гр | İkbal Beef Finger Sausage Fermented 180 Gr
122,122,Lezzetlim Katkısız Dana Sucuk 280 Gr,49.9,sok,91065,Колбаса Tastym Pure Beef 280 Гр,Tastym Pure Beef Sausage 280 Gr,Lezzetlim Katkısız Dana Sucuk 280 Gr | Колбаса Tastym Pure Beef 280 Гр | Tastym Pure Beef Sausage 280 Gr
123,123,Aytaç Dana Mangal Fermente Sucuk 350 Gr,73.5,sok,81150,Aytaç Говядина Гриль Ферментированный Сучук 350 Гр,Aytaç Beef Grill Fermented Sucuk 350 Gr,Aytaç Dana Mangal Fermente Sucuk 350 Gr | Aytaç Говядина Гриль Ферментированный Сучук 350 Гр | Aytaç Beef Grill Fermented Sucuk 350 Gr
124,124,Aytaç  Dana Sucuk 300 Gr,73.5,sok,87219,Айтак Колбаса Телячья 300 Гр,Aytac Veal Sausage 300 Gr,Aytaç  Dana Sucuk 300 Gr | Айтак Колбаса Телячья 300 Гр | Aytac Veal Sausage 300 Gr
125,125,Aytaç Dana Sucuk Gurme (Fermente) 250 Gr,69.9,sok,48428,Aytac Beef Sucuk Gourmet (ферментированный) 250 гр,Aytac Beef Sucuk Gourmet (Fermented) 250 Gr,Aytaç Dana Sucuk Gurme (Fermente) 250 Gr | Aytac Beef Sucuk Gourmet (ферментированный) 250 гр | Aytac Beef Sucuk Gourmet (Fermented) 250 Gr
126,126,Namet  Kangal Sucuk Isıl İşlem 250 Gr,79.9,sok,56105,Термообработка Namet Kangal Sucuk 250 гр,Namet Kangal Sucuk Heat Treatment 250 Gr,Namet  Kangal Sucuk Isıl İşlem 250 Gr | Термообработка Namet Kangal Sucuk 250 гр | Namet Kangal Sucuk Heat Treatment 250 Gr
127,127,Aytaç Geleneksel Dana Sucuk Isıl İşlem 250gr,59.9,sok,73703,Колбаса Айтач традиционная говяжья термическая обработка 250гр,Aytaç Traditional Beef Sausage Heat Treatment 250gr,Aytaç Geleneksel Dana Sucuk Isıl İşlem 250gr | Колбаса Айтач традиционная говяжья термическая обработка 250гр | Aytaç Traditional Beef Sausage Heat Treatment 250gr
128,128,Gedik Piliç Kangal Sucuk 250 Gr,17.5,sok,82829,Gedik Chicken Kangal Sucuk 250 гр,Gedik Chicken Kangal Sucuk 250 Gr,Gedik Piliç Kangal Sucuk 250 Gr | Gedik Chicken Kangal Sucuk 250 гр | Gedik Chicken Kangal Sucuk 250 Gr
129,129,Banvit Dilimli Piliç Sucuk 400 Gr,27.5,sok,77660,Банвит Колбаса Куриная нарезка 400 Гр,Banvit Sliced ​​Chicken Sausage 400 Gr,Banvit Dilimli Piliç Sucuk 400 Gr | Банвит Колбаса Куриная нарезка 400 Гр | Banvit Sliced ​​Chicken Sausage 400 Gr
130,130,Banvit Bi'dilim Piliç Sucuk 100 Gr,14.25,sok,47730,Куриный сукук Banvit Bi'Slice 100 гр,Banvit Bi'Slice Chicken Sucuk 100 Gr,Banvit Bi'dilim Piliç Sucuk 100 Gr | Куриный сукук Banvit Bi'Slice 100 гр | Banvit Bi'Slice Chicken Sucuk 100 Gr
131,131,Gedik Piliç Baton Sucuk 450 Gr,29.25,sok,82444,Gedik Куриный Батон Сучук 450 Гр,Gedik Chicken Baton Sucuk 450 Gr,Gedik Piliç Baton Sucuk 450 Gr | Gedik Куриный Батон Сучук 450 Гр | Gedik Chicken Baton Sucuk 450 Gr
132,132,Maret Dimli Dana Sucuk Isıl İşlem 250gr,32.5,sok,85322,Колбаса Maret тушеная говяжья термическая обработка 250гр,Maret Stewed Beef Sausage Heat Treatment 250gr,Maret Dimli Dana Sucuk Isıl İşlem 250gr | Колбаса Maret тушеная говяжья термическая обработка 250гр | Maret Stewed Beef Sausage Heat Treatment 250gr
133,133,Sultan Baton Sucuk Isil Işlem 380 Gr,43.5,sok,87229,Колбаса Султан Батон термически обработанная 380 гр,Sultan Baton Sausage Heat Treated 380 Gr,Sultan Baton Sucuk Isil Işlem 380 Gr | Колбаса Султан Батон термически обработанная 380 гр | Sultan Baton Sausage Heat Treated 380 Gr
134,134,Banvit Piliç Kokteyl Sosis 500 Gr,25.5,sok,77663,Колбаса Банвит Коктейльная Куриная 500 Гр,Banvit Chicken Cocktail Sausage 500 Gr,Banvit Piliç Kokteyl Sosis 500 Gr | Колбаса Банвит Коктейльная Куриная 500 Гр | Banvit Chicken Cocktail Sausage 500 Gr
135,135,Aytaç Dana 5'li Sosis 240gr,47.7,sok,48433,Колбаса Айтак Говяжья 5 Штук 240гр,Aytac Beef 5 Piece Sausage 240gr,Aytaç Dana 5'li Sosis 240gr | Колбаса Айтак Говяжья 5 Штук 240гр | Aytac Beef 5 Piece Sausage 240gr
136,136,Namet 7-24 Namet Dana Macar Salam 60 Gr,11.95,sok,32748,Намет 7-24 Намет Телятина Венгерская Салями 60 Гр,Namet 7-24 Namet Veal Hungarian Salami 60 Gr,Namet 7-24 Namet Dana Macar Salam 60 Gr | Намет 7-24 Намет Телятина Венгерская Салями 60 Гр | Namet 7-24 Namet Veal Hungarian Salami 60 Gr
137,137,Maret Enfes Macar Salam 250 Gr,27.5,sok,72575,Maret Вкусная Венгерская Салями 250 Гр,Maret Delicious Hungarian Salami 250 Gr,Maret Enfes Macar Salam 250 Gr | Maret Вкусная Венгерская Салями 250 Гр | Maret Delicious Hungarian Salami 250 Gr
138,138,Banvit Piliç Salam 850 Gr,33.6,sok,78081,Банвит Куриная Салями 850 Гр,Banvit Chicken Salami 850 Gr,Banvit Piliç Salam 850 Gr | Банвит Куриная Салями 850 Гр | Banvit Chicken Salami 850 Gr
139,139,Banvit Bi Dilim Piliç Salam 60 Gr,6.95,sok,57373,Куриная салями Banvit One Slice 60 гр,Banvit One Slice Chicken Salami 60 Gr,Banvit Bi Dilim Piliç Salam 60 Gr | Куриная салями Banvit One Slice 60 гр | Banvit One Slice Chicken Salami 60 Gr
140,140,Pınar Aç Bitir Hindi Salam 70 Gr,11.75,sok,66647,Pınar Hungry Finish Индейка Салями 70 гр,Pınar Hungry Finish Turkey Salami 70 Gr,Pınar Aç Bitir Hindi Salam 70 Gr | Pınar Hungry Finish Индейка Салями 70 гр | Pınar Hungry Finish Turkey Salami 70 Gr
141,141,Pınar Aç Bitir Hindi Salam Fıstıklı 50 Gr,11.95,sok,79501,Pınar Hungry End Салями из индейки с фисташками 50 гр,Pınar Hungry End Turkey Salami with Pistachio 50 Gr,Pınar Aç Bitir Hindi Salam Fıstıklı 50 Gr | Pınar Hungry End Салями из индейки с фисташками 50 гр | Pınar Hungry End Turkey Salami with Pistachio 50 Gr
142,142,Namet 7/24 Hindi Salam 75 Gr,8.5,sok,66649,Namet 7/24 Индейка Салями 75 Гр,Namet 7/24 Turkey Salami 75 Gr,Namet 7/24 Hindi Salam 75 Gr | Namet 7/24 Индейка Салями 75 Гр | Namet 7/24 Turkey Salami 75 Gr
143,143,Namet Hindi Salam Fıstıklı 50 Gr,9.95,sok,82797,Namet Индейка Салями с Фисташками 50 Гр,Namet Turkey Salami with Pistachio 50 Gr,Namet Hindi Salam Fıstıklı 50 Gr | Namet Индейка Салями с Фисташками 50 Гр | Namet Turkey Salami with Pistachio 50 Gr
144,144,Aytaç Şipşak Hindi Füme 60 Gr,8.5,sok,79271,Айтач Сипшак копченая индейка 60 гр,Aytaç Sipşak Smoked Turkey 60 Gr,Aytaç Şipşak Hindi Füme 60 Gr | Айтач Сипшак копченая индейка 60 гр | Aytaç Sipşak Smoked Turkey 60 Gr
145,145,Lezita Piliç Jambon 60 Gr,9.9,sok,90070,Лезита Куриная Ветчина 60 Гр,Lezita Chicken Ham 60 Gr,Lezita Piliç Jambon 60 Gr | Лезита Куриная Ветчина 60 Гр | Lezita Chicken Ham 60 Gr
146,146,Lezzetlim Dana Kavurma 150 Gr,30.5,sok,80569,Тастым Жареная Телятина 150 Гр,Tastym Roasted Veal 150 Gr,Lezzetlim Dana Kavurma 150 Gr | Тастым Жареная Телятина 150 Гр | Tastym Roasted Veal 150 Gr
147,147,Aytaç Geleneksel Dana Sırt Pastırma 100 Gr,54.9,sok,85562,Aytac Традиционный бекон из говяжьей спинки 100 гр,Aytac Traditional Beef Back Bacon 100 Gr,Aytaç Geleneksel Dana Sırt Pastırma 100 Gr | Aytac Традиционный бекон из говяжьей спинки 100 гр | Aytac Traditional Beef Back Bacon 100 Gr
148,148,Maret Pişmiş Dana İşkembe 400 Gr,35.5,sok,71239,Рубец Maret вареный говяжий 400 гр,Maret Cooked Beef Tripe 400 Gr,Maret Pişmiş Dana İşkembe 400 Gr | Рубец Maret вареный говяжий 400 гр | Maret Cooked Beef Tripe 400 Gr
149,149,Bizim Vatan Ton Balığı 2x160 Gr,34.5,sok,60733,Бизим Ватан Тунец 2x160 Гр,Bizim Vatan Tuna 2x160 Gr,Bizim Vatan Ton Balığı 2x160 Gr | Бизим Ватан Тунец 2x160 Гр | Bizim Vatan Tuna 2x160 Gr
150,150,Superfresh  Ton Balığı 3 x 75 gr,62.9,sok,9050570,Суперсвежий тунец 3 x 75 гр,Superfresh Tuna 3 x 75 gr,Superfresh  Ton Balığı 3 x 75 gr | Суперсвежий тунец 3 x 75 гр | Superfresh Tuna 3 x 75 gr
151,151,Balık Dünyası Türk Somonu 440 Gr,38.9,sok,89135,Турецкий лосось Fish World 440 гр,Fish World Turkish Salmon 440 Gr,Balık Dünyası Türk Somonu 440 Gr | Турецкий лосось Fish World 440 гр | Fish World Turkish Salmon 440 Gr
152,152,Mis Uht Süt Yağlı 1 Lt,15.5,sok,11011002,Молочное масло Mis Uht 1 л,Mis Uht Milk Oil 1 Lt,Mis Uht Süt Yağlı 1 Lt | Молочное масло Mis Uht 1 л | Mis Uht Milk Oil 1 Lt
153,153,İçim Organik Süt 1 Lt,27.9,sok,83212,Ичим органическое молоко 1 л,İçim Organic Milk 1 Lt,İçim Organik Süt 1 Lt | Ичим органическое молоко 1 л | İçim Organic Milk 1 Lt
154,154,Mis Uht Süt Yarım Yağlı 1 Lt,14.75,sok,11011001,Mis Uht Молоко полужирное 1 л,Mis Uht Milk Half Fat 1 Lt,Mis Uht Süt Yarım Yağlı 1 Lt | Mis Uht Молоко полужирное 1 л | Mis Uht Milk Half Fat 1 Lt
155,155,Mis Süt Uht Yağsız 1 Lt,15.5,sok,80691,Mis Milk Uht обезжиренное 1 л,Mis Milk Uht Fat-Free 1 Lt,Mis Süt Uht Yağsız 1 Lt | Mis Milk Uht обезжиренное 1 л | Mis Milk Uht Fat-Free 1 Lt
156,156,İçim Organik Süt 200 Ml,9.9,sok,83213,Ичим органическое молоко 200 мл,İçim Organic Milk 200 Ml,İçim Organik Süt 200 Ml | Ичим органическое молоко 200 мл | İçim Organic Milk 200 Ml
157,157,İçim Rahat Laktozsuz Süt 1 Lt,22.5,sok,71001,Комфортное безлактозное молоко 1 л,Comfortable Lactose Free Milk 1 Lt,İçim Rahat Laktozsuz Süt 1 Lt | Комфортное безлактозное молоко 1 л | Comfortable Lactose Free Milk 1 Lt
158,158,Mis Uht Yağlı Süt 500 Ml,9.95,sok,32883,Молоко Mis Uht Fat Milk 500 мл,Mis Uht Fat Milk 500 Ml,Mis Uht Yağlı Süt 500 Ml | Молоко Mis Uht Fat Milk 500 мл | Mis Uht Fat Milk 500 Ml
159,159,Mis Pastörize Süt 1 Lt,17.5,sok,50113,Мис пастеризованное молоко 1 л,Mis Pasteurized Milk 1 Lt,Mis Pastörize Süt 1 Lt | Мис пастеризованное молоко 1 л | Mis Pasteurized Milk 1 Lt
160,160,Mis Bakraçlık Tam Yağlı Pastörize Süt 1 Lt,17.9,sok,82407,Mis Bakraclık полножирное пастеризованное молоко 1 л,Mis Bakraclık Full Fat Pasteurized Milk 1 Lt,Mis Bakraçlık Tam Yağlı Pastörize Süt 1 Lt | Mis Bakraclık полножирное пастеризованное молоко 1 л | Mis Bakraclık Full Fat Pasteurized Milk 1 Lt
161,161,Mis Uht Yağlı Süt 200 Ml,4.5,sok,32884,Молоко Mis Uht Fat Milk 200 мл,Mis Uht Fat Milk 200 ml,Mis Uht Yağlı Süt 200 Ml | Молоко Mis Uht Fat Milk 200 мл | Mis Uht Fat Milk 200 ml
162,162,Pınar Süt Tam Yağlı 200 Ml,5.75,sok,64086,Молоко Pınar жирное 200 мл,Pınar Milk Full Fat 200 Ml,Pınar Süt Tam Yağlı 200 Ml | Молоко Pınar жирное 200 мл | Pınar Milk Full Fat 200 Ml
163,163,Mis Çocuk Devam Sütü 500 Ml,13.5,sok,40215,Последующее молочко Mis Child 500 мл,Mis Child Follow-on Milk 500 Ml,Mis Çocuk Devam Sütü 500 Ml | Последующее молочко Mis Child 500 мл | Mis Child Follow-on Milk 500 Ml
164,164,Mis Muzlu Süt 200 Ml,4.75,sok,33684,Мис Банановое Молоко 200 мл,Mis Banana Milk 200 ml,Mis Muzlu Süt 200 Ml | Мис Банановое Молоко 200 мл | Mis Banana Milk 200 ml
165,165,Mis Çilekli Süt 200 Ml,4.75,sok,33685,Мис клубничное молоко 200 мл,Mis Strawberry Milk 200 ml,Mis Çilekli Süt 200 Ml | Мис клубничное молоко 200 мл | Mis Strawberry Milk 200 ml
166,166,Mis Kakaolu Süt 200 Ml,4.75,sok,33683,Мис Какао Молоко 200 мл,Mis Cocoa Milk 200 Ml,Mis Kakaolu Süt 200 Ml | Мис Какао Молоко 200 мл | Mis Cocoa Milk 200 Ml
167,167,Pınar Kido Muzlu Süt 180 Ml,5.75,sok,83053,Pınar Kido молочный банан 180 мл,Pınar Kido Milk Banana 180 Ml,Pınar Kido Muzlu Süt 180 Ml | Pınar Kido молочный банан 180 мл | Pınar Kido Milk Banana 180 Ml
168,168,Pınar Kido Çilekli Süt 180 Ml,5.75,sok,83054,Клубничное молоко Pınar Kido 180 мл,Pınar Kido Strawberry Milk 180 Ml,Pınar Kido Çilekli Süt 180 Ml | Клубничное молоко Pınar Kido 180 мл | Pınar Kido Strawberry Milk 180 Ml
169,169,Pınar Kido Kakaolu Süt 180 Ml,5.75,sok,83052,Молоко с какао Pınar Kido 180 мл,Pınar Kido Cocoa Milk 180 Ml,Pınar Kido Kakaolu Süt 180 Ml | Молоко с какао Pınar Kido 180 мл | Pınar Kido Cocoa Milk 180 Ml
170,170,İçim Pastörize Günlük Şişe Süt 1 Lt,28.9,sok,64938,İçim Пастеризованное молоко Ежедневная бутылка 1 л,İçim Pasteurized Daily Bottle of Milk 1 Lt,İçim Pastörize Günlük Şişe Süt 1 Lt | İçim Пастеризованное молоко Ежедневная бутылка 1 л | İçim Pasteurized Daily Bottle of Milk 1 Lt
171,171,Mis Çikolatalı Süt 200 Ml,4.75,sok,82354,Мис шоколадное молоко 200 мл,Mis Chocolate Milk 200 Ml,Mis Çikolatalı Süt 200 Ml | Мис шоколадное молоко 200 мл | Mis Chocolate Milk 200 Ml
172,172,İçim Süt 1 Lt,21.95,sok,11013025,Ичим Молоко 1 л,İçim Milk 1 Lt,İçim Süt 1 Lt | Ичим Молоко 1 л | İçim Milk 1 Lt
173,173,Mis Homojen Yoğurt 3 Kg,57.5,sok,12509830,Мис гомогенный йогурт 3 кг,Mis Homogeneous Yogurt 3 Kg,Mis Homojen Yoğurt 3 Kg | Мис гомогенный йогурт 3 кг | Mis Homogeneous Yogurt 3 Kg
174,174,İçim Organik Yoğurt 750 Gr,32.9,sok,83169,Ичим органический йогурт 750 гр,İçim Organic Yogurt 750 Gr,İçim Organik Yoğurt 750 Gr | Ичим органический йогурт 750 гр | İçim Organic Yogurt 750 Gr
175,175,Mis Doğal Yoğurt 2 Kg,35.95,sok,12509825,Мис натуральный йогурт 2 кг,Mis Natural Yogurt 2 Kg,Mis Doğal Yoğurt 2 Kg | Мис натуральный йогурт 2 кг | Mis Natural Yogurt 2 Kg
176,176,Mis Kaymaklı Tava Yoğurt 1500 Gr,38.5,sok,32820,Мис Крем Пан Йогурт 1500 Гр,Mis Cream Pan Yoghurt 1500 Gr,Mis Kaymaklı Tava Yoğurt 1500 Gr | Мис Крем Пан Йогурт 1500 Гр | Mis Cream Pan Yoghurt 1500 Gr
177,177,Mis Homojenize Yoğurt 1500 Gr,29.5,sok,12509829,Мис Йогурт гомогенизированный 1500 гр,Mis Homogenized Yogurt 1500 Gr,Mis Homojenize Yoğurt 1500 Gr | Мис Йогурт гомогенизированный 1500 гр | Mis Homogenized Yogurt 1500 Gr
178,178,Mis Yarım Yağlı Yoğurt 2500 Gr,39.5,sok,85308,Мис полужирный йогурт 2500 гр,Mis Half Fat Yogurt 2500 Gr,Mis Yarım Yağlı Yoğurt 2500 Gr | Мис полужирный йогурт 2500 гр | Mis Half Fat Yogurt 2500 Gr
179,179,Mis Homojen Yoğurt 500 Gr,11.5,sok,33004,Мис Йогурт однородный 500 гр,Mis Homogeneous Yogurt 500 Gr,Mis Homojen Yoğurt 500 Gr | Мис Йогурт однородный 500 гр | Mis Homogeneous Yogurt 500 Gr
180,180,İçim Rahat Laktozsuz Yoğurt 750 Gr,25.9,sok,80242,Напиток безлактозный безлактозный йогурт 750 гр,Soft Drink Lactose Free Yogurt 750 Gr,İçim Rahat Laktozsuz Yoğurt 750 Gr | Напиток безлактозный безлактозный йогурт 750 гр | Soft Drink Lactose Free Yogurt 750 Gr
181,181,Mis Light Yoğurt 650 Gr,15.45,sok,83791,Мис Легкий Йогурт 650 Гр,Mis Light Yogurt 650 Gr,Mis Light Yoğurt 650 Gr | Мис Легкий Йогурт 650 Гр | Mis Light Yogurt 650 Gr
182,182,Mis Süzme Yoğurt 900 Gr,39.5,sok,38151,Мис процеженный йогурт 900 гр,Mis Strained Yogurt 900 Gr,Mis Süzme Yoğurt 900 Gr | Мис процеженный йогурт 900 гр | Mis Strained Yogurt 900 Gr
183,183,Mis Meyveli Yoğurt Orman Meyveli 500 Gr,17.5,sok,83035,Йогурт Mis Fruit с лесными ягодами 500 гр,Mis Fruit Yogurt With Forest Fruit 500 Gr,Mis Meyveli Yoğurt Orman Meyveli 500 Gr | Йогурт Mis Fruit с лесными ягодами 500 гр | Mis Fruit Yogurt With Forest Fruit 500 Gr
184,184,Mis Meyveli Yoğurt Çilek 500 Gr,17.5,sok,83033,Мис Фруктовый Йогурт Клубника 500 Гр,Mis Fruit Yogurt Strawberry 500 Gr,Mis Meyveli Yoğurt Çilek 500 Gr | Мис Фруктовый Йогурт Клубника 500 Гр | Mis Fruit Yogurt Strawberry 500 Gr
185,185,Mis Meyveli Yoğurt 2*125 Gr,12.5,sok,88119,Мис Фруктовый Йогурт 2*125 Гр,Mis Fruit Yogurt 2*125 Gr,Mis Meyveli Yoğurt 2*125 Gr | Мис Фруктовый Йогурт 2*125 Гр | Mis Fruit Yogurt 2*125 Gr
186,186,Activia Mix&Go Yoğurt Çilek 95 Gr,13.5,sok,88449,Активиа Mix&Go Йогурт Клубника 95 гр,Activia Mix&Go Yogurt Strawberry 95 Gr,Activia Mix&Go Yoğurt Çilek 95 Gr | Активиа Mix&Go Йогурт Клубника 95 гр | Activia Mix&Go Yogurt Strawberry 95 Gr
187,187,Mis Ayran Bardak 200 Ml,2.9,sok,71780,Мис Айран Бокал 200 мл,Mis Ayran Glass 200 Ml,Mis Ayran Bardak 200 Ml | Мис Айран Бокал 200 мл | Mis Ayran Glass 200 Ml
188,188,Mis Bardak Ayran 285 Ml,3.9,sok,74081,Мис Гласс Айран 285 мл,Mis Glass Ayran 285 Ml,Mis Bardak Ayran 285 Ml | Мис Гласс Айран 285 мл | Mis Glass Ayran 285 Ml
189,189,Mis Ayran 330 Ml ,5.75,sok,76063,Мис Айран 330 мл,Mis Ayran 330 Ml,Mis Ayran 330 Ml  | Мис Айран 330 мл | Mis Ayran 330 Ml
190,190,Mis Ayran Şişe 1500 Ml,19.5,sok,11554010,Мис Айран Бутылка 1500 мл,Mis Ayran Bottle 1500 Ml,Mis Ayran Şişe 1500 Ml | Мис Айран Бутылка 1500 мл | Mis Ayran Bottle 1500 Ml
191,191,İçim Kefir 1000ml,25.5,sok,11552592,Ичим Кефир 1000мл,İçim Kefir 1000ml,İçim Kefir 1000ml | Ичим Кефир 1000мл | İçim Kefir 1000ml
192,192,İçim Rahat Laktozsuz Kefir 1 Lt,26.5,sok,80267,Напиток безлактозный безлактозный кефир 1 л,Soft Drink Lactose Free Kefir 1 Lt,İçim Rahat Laktozsuz Kefir 1 Lt | Напиток безлактозный безлактозный кефир 1 л | Soft Drink Lactose Free Kefir 1 Lt
193,193,İçim Kefir Orman Meyveli 1 Lt,29.5,sok,81885,Ичим Кефир с лесными ягодами 1 л,İçim Kefir with Forest Fruit 1 Lt,İçim Kefir Orman Meyveli 1 Lt | Ичим Кефир с лесными ягодами 1 л | İçim Kefir with Forest Fruit 1 Lt
194,194,İçim Kefir Orman Meyveli 260 ML,11.75,sok,60575,Ичим Кефир с лесными ягодами 260 мл,İçim Kefir with Forest Fruit 260 ML,İçim Kefir Orman Meyveli 260 ML | Ичим Кефир с лесными ягодами 260 мл | İçim Kefir with Forest Fruit 260 ML
195,195,İçim Kefir Sade 260 Ml,11.75,sok,11552591,Ичим Кефир Обычный 260 мл,İçim Kefir Plain 260 Ml,İçim Kefir Sade 260 Ml | Ичим Кефир Обычный 260 мл | İçim Kefir Plain 260 Ml
196,196,İçim Kefir Çilekli 260 Ml,11.75,sok,11552593,Ичим Кефир Клубничный 260 мл,İçim Kefir Strawberry 260 Ml,İçim Kefir Çilekli 260 Ml | Ичим Кефир Клубничный 260 мл | İçim Kefir Strawberry 260 Ml
197,197,İçim Kefir Ananaslı 260 Ml,11.75,sok,81844,Ичим Кефир с ананасом 260 мл,İçim Kefir with Pineapple 260 Ml,İçim Kefir Ananaslı 260 Ml | Ичим Кефир с ананасом 260 мл | İçim Kefir with Pineapple 260 Ml
198,198,Mis İnek Peyniri 350 Gr,47.95,sok,36792,Сыр Мис Коровий 350 Гр,Mis Cow Cheese 350 Gr,Mis İnek Peyniri 350 Gr | Сыр Мис Коровий 350 Гр | Mis Cow Cheese 350 Gr
199,199,Mis Beyaz Peynir Koyun Sütlü 350 Gr,59.5,sok,36794,Mis White Cheese Овечье молоко 350 гр,Mis White Cheese Sheep's Milk 350 Gr,Mis Beyaz Peynir Koyun Sütlü 350 Gr | Mis White Cheese Овечье молоко 350 гр | Mis White Cheese Sheep's Milk 350 Gr
200,200,Mis Tam Yağlı Olgunlaştırılmış Beyaz Peynir 600 g,75.0,sok,69501,Сыр белый полножирный созревший Mis 600 г,Mis Full Fat Ripened White Cheese 600 g,Mis Tam Yağlı Olgunlaştırılmış Beyaz Peynir 600 g | Сыр белый полножирный созревший Mis 600 г | Mis Full Fat Ripened White Cheese 600 g
201,201,Mis Tam Yağlı Beyaz Peynir 1000 Gr,79.0,sok,10017212,Сыр Мис Полножирный Белый 1000 Гр,Mis Full Fat White Cheese 1000 Gr,Mis Tam Yağlı Beyaz Peynir 1000 Gr | Сыр Мис Полножирный Белый 1000 Гр | Mis Full Fat White Cheese 1000 Gr
202,202,Mis Tam Yağlı Taze Beyaz Peynir 750 Gr,62.5,sok,59393,Сыр Мис Полножирный Свежий Белый 750 Гр,Mis Full Fat Fresh White Cheese 750 Gr,Mis Tam Yağlı Taze Beyaz Peynir 750 Gr | Сыр Мис Полножирный Свежий Белый 750 Гр | Mis Full Fat Fresh White Cheese 750 Gr
203,203,Ünal Olgunlaştırılmış Tam Yağlı Peynir 600 Gr,86.9,sok,67578,Сыр Ünal выдержанный цельножирный 600 гр,Ünal Matured Whole Fat Cheese 600 Gr,Ünal Olgunlaştırılmış Tam Yağlı Peynir 600 Gr | Сыр Ünal выдержанный цельножирный 600 гр | Ünal Matured Whole Fat Cheese 600 Gr
204,204,İçim Tam Yağlı Beyaz Peynir 1000 Gr,99.9,sok,10016000,İçim Полножирный Белый Сыр 1000 Гр,İçim Full Fat White Cheese 1000 Gr,İçim Tam Yağlı Beyaz Peynir 1000 Gr | İçim Полножирный Белый Сыр 1000 Гр | İçim Full Fat White Cheese 1000 Gr
205,205,Mis Yarım Yağlı Taze Beyaz Peynir 650 Gr,61.5,sok,40214,Сыр Мис Полужирный Свежий Белый 650 Гр,Mis Half Fat Fresh White Cheese 650 Gr,Mis Yarım Yağlı Taze Beyaz Peynir 650 Gr | Сыр Мис Полужирный Свежий Белый 650 Гр | Mis Half Fat Fresh White Cheese 650 Gr
206,206,Mis Tam Yağlı Beyaz Peynir 500 Gr,42.9,sok,10017213,Сыр Мис Полножирный Белый 500 Гр,Mis Full Fat White Cheese 500 Gr,Mis Tam Yağlı Beyaz Peynir 500 Gr | Сыр Мис Полножирный Белый 500 Гр | Mis Full Fat White Cheese 500 Gr
207,207,Mis Süzme Beyaz Peynir 1000 Gr,75.0,sok,73271,Сыр Mis процеженный белый 1000 гр,Mis Strained White Cheese 1000 Gr,Mis Süzme Beyaz Peynir 1000 Gr | Сыр Mis процеженный белый 1000 гр | Mis Strained White Cheese 1000 Gr
208,208,Mis Süzme Beyaz Peynir 500 Gr,38.5,sok,40073,Сыр Mis процеженный белый 500 гр,Mis Strained White Cheese 500 Gr,Mis Süzme Beyaz Peynir 500 Gr | Сыр Mis процеженный белый 500 гр | Mis Strained White Cheese 500 Gr
209,209,Sütaş Tam Yağlı Beyaz Peynir 500 Gr,52.95,sok,10013720,Sütaş Полножирный Белый Сыр 500 Гр,Sütaş Full Fat White Cheese 500 Gr,Sütaş Tam Yağlı Beyaz Peynir 500 Gr | Sütaş Полножирный Белый Сыр 500 Гр | Sütaş Full Fat White Cheese 500 Gr
210,210,Mis Peynir Topları 250 Gr,38.5,sok,74868,Мис Сырные Шарики 250 Гр,Mis Cheese Balls 250 Gr,Mis Peynir Topları 250 Gr | Мис Сырные Шарики 250 Гр | Mis Cheese Balls 250 Gr
211,211,Mis Peynir Çubukları 250 Gr,38.5,sok,76004,Мис сырные палочки 250 гр,Mis Cheese Sticks 250 Gr,Mis Peynir Çubukları 250 Gr | Мис сырные палочки 250 гр | Mis Cheese Sticks 250 Gr
212,212,Mis Yarım Yağlı Süzme Beyaz Peynir 500 Gr,38.25,sok,88830,Сыр мис полужирный процеженный белый 500 гр,Mis Semi Fat Strained White Cheese 500 Gr,Mis Yarım Yağlı Süzme Beyaz Peynir 500 Gr | Сыр мис полужирный процеженный белый 500 гр | Mis Semi Fat Strained White Cheese 500 Gr
213,213,Pınar Az Yağlı Süzme Peynir 500 Gr,48.75,sok,77486,Творог Pınar обезжиренный 500 гр,Pınar Low Fat Cottage Cheese 500 Gr,Pınar Az Yağlı Süzme Peynir 500 Gr | Творог Pınar обезжиренный 500 гр | Pınar Low Fat Cottage Cheese 500 Gr
214,214,Mis Yağı Azaltılmış Beyaz Peynir 500 Gr,39.5,sok,39466,Сыр белый с пониженным содержанием масла 500 гр,Reduced Mis Oil White Cheese 500 Gr,Mis Yağı Azaltılmış Beyaz Peynir 500 Gr | Сыр белый с пониженным содержанием масла 500 гр | Reduced Mis Oil White Cheese 500 Gr
